INSERT INTO roles (id, name) VALUES
(1, 'ADMIN'),
(2, 'FREE_USER');

INSERT INTO genres (id, name) VALUES
(1, 'Vpop'),
(2, 'Rock'),
(3, 'Rap'),
(4, 'Indie'),
(5, 'Kpop'),
(6, 'US/UK'),
(7, 'Không Lời');

INSERT INTO `artists` (id, name, about, photo)
VALUES
	(1,'Châu Khải Phong','Bất ngờ đã tạo tên tuổi bằng ca khúc Anh thích em như xưa hồi vào năm 2011, Châu Khải Phong đã nhanh chóng trở thành một cái tên rất ăn khách, đặc biệt là ở trên các sân khấu phía nam.
Sau khi anh tốt nghiệp Đại học Văn hóa Nghệ thuật Quân đội, với những kiến thức về âm nhạc được học ở tại nhà trường cùng với niềm đam mê về ca hát, Châu Khải Phong đã về đầu quân cho công ty giải trí Hải Âu và cũng đã nhanh chóng gửi đến khán giả nhiều những sản phẩm âm nhạc chất lượng.','1567133656446.jpg'),
	(2,'Đức Phúc','Đức Phúc tên đầy đủ là Nguyễn Đức Phúc. Anh là quán quân Giọng hát Việt mùa 3, đang hoạt động nghệ thuật với vai trò ca sĩ do công ty Mỹ Tâm Entertainment quản lý.

Sau khi tham gia Giọng hát Việt 2015, Đức Phúc được công chúng yêu thích vì giọng hát ngọt ngào, cao vút qua những ca khúc như: Ánh Nắng Của Anh, Cũng Đành Thôi, Em Là Tất Cả...','1574739632135.jpg'),
	(3,'Sơn Tùng M-TP','Sơn Tùng M-TP (tên thật là Nguyễn Thanh Tùng) sinh ra và lớn lên tại một vùng quê của tỉnh Thái Bình. Vốn sở hữu “gen di truyền” từ người mẹ của mình, một nghệ sĩ biểu diễn hát chèo tại Nhà hát Thái Bình nên Tùng đã bộc lộ khả năng âm nhạc của mình ngay từ khi còn là một cậu bé mới chập chững những bước đi đầu tiên.','1620802736418.jpg'),
	(4,'Hồ Ngọc Hà','Hồ Ngọc Hà tên đầy đủ là Hồ Thị Ngọc Hà,

Trước đây, Hồ Ngọc Hà được biết đến với vai trò là một người mẫu sáng giá. Sau đó, cô đã tham gia vào sự nghiệp ca hát và thực hiện album đầu tiên, ''24 Giờ 7 Ngày'' năm 2004. Bài hát nhận được khá nhiều khen ngợi từ những người hâm mộ, giúp cô có cơ hội tham gia Asia Song Festival tại Hàn Quốc.','1597380071736.jpg'),
	(5,'Noo Phước Thịnh','Trước khi trở thành ca sĩ, anh được biết đến với vai trò người mẫu ảnh của các tạp chí tuổi teen những năm 2007-2008. Khả năng âm nhạc của anh vô tình được phát hiện bởi ca sĩ Thủy Tiên và sau đó, anh đã cộng tác với cô khi bước vào sự nghiệp ca hát.

Anh đã cùng Đông Nhi trở thành một cặp đôi ăn ý trong phiên bản song ca của ca khúc “Nếu” ra mắt khán giả lần đầu tiên trong chương trình Thế giới V-Pop tháng 8 năm 2009, đêm song ca với chủ đề Friend’s Night”,  là một chương trình quy tụ được rất nhiều ngôi sao ca nhạc nổi tiếng. Mặc dù vậy trong chương trình này cả hai đã tạo nên một màn trình diễn ấn tượng trong đêm nhạc.','1600055795446.jpg'),
	(6,'Hà Anh Tuấn','Hà Anh Tuấn sinh tại Thành phố Hồ Chí Minh, anh là cựu học sinh chuyên hóa của Trường THPT chuyên Lê Hồng Phong, từng là 1 trong 3 học sinh giỏi Hóa toàn Thành. Bố mẹ Hà Anh Tuấn đều là những người quê gốc Ninh Bình.

Từ khi còn là học sinh, anh đã tham gia rất nhiều phong trào văn nghệ của trường cũng như thành phố. Năm 2001 và 2002, anh tham gia và đoạt giải nhất dành cho giọng nam trong cuộc thi học sinh - sinh viên ''Chú Ve Con''. Giải nhất đơn ca trong ''Liên hoan Tiếng hát học sinh - sinh viên'' toàn thành năm 2002.','1708527920669.jpg'),
	(7,'Khởi My','Khởi My được biết đến với vai trò là ca sĩ, đạt giải Nhất tiếng hát học đường năm 2007, MC và là một trong những nữ ca sĩ xinh đẹp, nổi tiếng với các ca khúc như Vì sao, Hạt cát và Đôi cánh. Hiện nay cô đang sống và làm việc tại TP.Hồ Chí Minh.

Khởi My có chất giọng khỏe, khả năng xử lý ca khúc tốt. Khởi My là gương mặt mới của làng nhạc thành phố nói riêng và cả nước nói chung, những bước đi đầu tiên trong âm nhạc đã thúc đầy tên tuổi Khởi My đến gần với công chúng hơn.','1494908456636.jpg'),
	(8,'Phan Mạnh Quỳnh','Là một nhạc sỹ mới vào nghề chưa lâu và không có lợi thế về ngoại hình nhưng Phan Mạnh Quỳnh rất có triển vọng với khả năng hát và hòa âm phối khí. Trước đây Phan Mạnh Quỳnh cũng đã tham gia hát cho các chương trình của trường DHCN TPHCM nơi đang theo học.
Các ca khúc của Phan Mạnh Quỳnh bị ảnh hưởng khá nhiều từ dòng Country và Alternative Rock. ''Những ngày không bên nhau'' là ca khúc đầu tiên được đầu tư để chính thức tung ra thị trường âm nhạc.','1630294420814.jpg'),
	(9,'Bức Tường','Đầu năm 1996, Bức Tường đã có dịp giới thiệu mình trước đông đảo sinh viên và khán giả truyền hình cả nước với ca khúc ''We’re Bức Tường'' tại buổi thi đấu khai mạc SV96 giữa 3 đội Đại học Bách khoa Hà Nội, Đại học Kinh tế Quốc dân và Đại học Xây dựng. Để rồi 4 năm sau, trong đêm chung kết SV2000, bằng giai điệu lạc quan, sôi nổi của Bình minh sinh viên 2000 và Đường tới ngày vinh quang, Bức Tường đã gây ấn tượng mạnh cho khán giả Việt Nam.','1516769825897.jpg'),
	(10,'Linkin Park','Linkin Park là một ban nhạc rock ở Agoura Hills, California. Họ là ban nhạc nổi tiếng và thành công nhất của thể loại nu metal, chủ yếu do album đầu tiên, Hybrid Theory năm 2000, đã bán được 24 triệu bản trên thế giới, trở thành ban nhạc có một trong những album được bán ra nhiều nhất thế kỷ 21. Họ tiếp tục thành công với album Meteora, đứng đầu bảng xếp hạng album Billboard 200 năm 2003. Năm 2003, MTV xếp họ vào 6 nhóm nhạc rock đứng đầu kỷ nguyên music video và 3 nhóm nhạc rock thành công nhất của kỷ nguyên mới, chỉ sau Oasis và Coldplay','04826.jpg'),
	(11,'Obito','Obito là 1 rapper khá chuyên nghiệp của Mad Sound Production. Anh nổi lên nhờ track Chiến Thư và track "Việc" Nam trong beef Nam-Bắc 2018. Tuy sinh 2001, nhưng anh có lối chơi skill rap khá tốt, thậm chí được đánh giá cao so với nhiều rapper trước thời. Obito dùng wordplay, scheme, angle khá ổn và flow khá "gắt".

Tuy rap khá nhưng Obito lại bị chỉ trích ở outro hơi "trẩu" và một số phát ngôn của mình.','1591598848425.jpg'),
	(12,'Seachains','Seachains (tên thật là Huỳnh Long Hải) sinh năm 1995. Anh nổi tiếng với nhiều hit hip-hop mang phong cách chill hoặc vui tươi. Ngoài ra, Seachains còn là 1 trong những nguyên nhân gây ra beef Nam-Bắc năm 2018.

Hiện tại Sea Chains đang hoạt động âm nhạc tự do cùng những thành viên khác tại OTĐ Production Studios, trước đó Sea đã có một khoảng thời gian học tập và làm việc ở PB Nation cùng người anh Phúc Bồ và Bảo Kun, Ricky Star.','1643251858705.jpg'),
	(13,'Đen','Nguyễn Đức Cường (sinh năm 13 tháng 5 năm 1989 tại Quảng Ninh), thường được biết tới với nghệ danh Đen Vâu. Anh là một trong số ít nghệ sĩ trưởng thành từ làn sóng underground và âm nhạc indie - underground của Việt Nam.

Tháng 11 năm 2018, Đen phát hành ca khúc "Anh đếch cần gì nhiều ngoài em". Ca khúc này gây ấn tượng với giới trẻ nhờ tựa đề lạ tai, giọng của Đen và Vũ trong ca khúc cũng là điểm nhấn.','1596692465856.jpg'),
	(14,'RPT MCK','Tên thật là Nghiêm Vũ Hoàng Long.

Các bản hit: Rap Chậm Thôi, Anh vẫn okay, Tình đắng như ly cà phê (cùng với nân), Thủ Đô Cypher, v.v…

MCK khi hoạt động trong giới Indie, Underground được fan biết tới với nghệ danh Long Nger. Anh là một trong hai rapper chính đến từ nhóm CDSL ART COLLECTIVE.','1677826163685.jpg'),
	(15,'tlinh','Rapper Tlinh (tên thật là Nguyễn Thảo Linh) vốn xuất thân trong gia đình có truyền thống Y học. Cô nàng 20 tuổi này cũng từng là một sinh viên trường Y danh giá, thế nhưng khi nhận ra niềm đam mê cháy bỏng với âm nhạc, cô đã quyết định dừng việc học và theo đuổi nó. Tlinh hiện đang là thành viên của một nhóm nhảy Hip-hop có tên Last Fire Crew tại Hà Nội.','1691749030077.jpg'),
	(16,'Snoop Dogg','Calvin Cordozar Broadus, Jr. (sinh 20 tháng 10 năm 1971) thường được biết đến nhiều hơn với nghệ danh Snoop Dogg là một rapper, ca sĩ, nhà sản xuất thu âm và diễn viên người Mỹ. Sự nghiệp âm nhạc của anh bắt đầu vào năm 1992 khi anh được phát hiện bởi Dr. Dre và xuất hiện trong buổi ra mắt solo của Dre, "Deep Cover", và sau đó là album đầu tay solo của Dre, The Chronic. Anh đã bán được hơn 23 triệu album tại Hoa Kỳ và 35 triệu album trên toàn thế giới.','1561716412475.jpg'),
	(17,'The Marias',NULL,'1663340388623.jpg'),
	(18,'BLACKPINK','Black Pink là một nhóm nhạc nữ Hàn Quốc được thành lập và quản lý bởi công ty YG Entertainment bao gồm 4 thành viên: Jisoo, Jennie, Rose và Lisa. YG thông báo rằng Black Pink sẽ không có trưởng nhóm vì công ty muốn cả bốn thành viên cùng hỗ trợ lẫn nhau.','67016.jpg'),
	(19,'Taylor Swift','Taylor Alison Swift là một ca sĩ, nhạc sĩ, diễn viên âm nhạc người Mỹ. Trong năm 2008, những album của cô đã bán được tổng cộng 11 triệu bản riêng tại Mĩ theo Billboard, và 13 triệu bản trên toàn thế giới.','30157_600.jpg'),
	(20,'Carter Burwell',NULL,NULL),
	(21,'Hoàng Thùy Linh','Hoàng Thùy Linh sinh ngày 11/08/1988 tại Hà Nội là một nữ ca sĩ, diễn viên.

Hoàng Thùy Linh từng học múa 7 năm tại Cao đẳng nghệ thuật Hà Nội, khóa đào tạo diễn viên truyền hình của Hãng phim truyện Việt Nam. Cô từng là ca sĩ phụ trong nhóm hát Thiên Thần, người dẫn chương trình thiếu nhi Vui cùng Hugo của Đài Phát thanh - Truyền hình Hà Nội, tham gia một số bộ phim truyền hình dài tập, chương trình truyền hình tương tác, đóng phim quảng cáo.','42522.jpg');

INSERT INTO songs (id, name, file_name, image_name, released_on, genre_id)
VALUES
	(1,'Yêu Đi','YeuDi-ChauKhaiPhong-8876313.mp3','1567133656446.jpg','2022-08-30 00:00:00',1),
	(2,'Năm Ấy','NamAy-DucPhuc-5305026.mp3','1512816233582.jpg','2021-02-06 00:00:00',1),
	(3,'Ngày Đầu Tiên','NgayDauTien-DucPhuc-7129810.mp3','1644555869460.jpg','2018-07-19 00:00:00',1),
	(4,'Chẳng Để Em Xa Anh','ChangDeEmXaAnh2-DucPhuc-5912887.mp3','1552894038811.jpg','2023-09-06 00:00:00',1),
	(5,'Ta Còn Yêu Nhau','TaConYeuNhau-DucPhuc-5186113.mp3','1506709712988.jpg','2023-02-21 00:00:00',1),
	(6,'Chỉ Một Câu','ChiMotCau-DucPhuc-4175202.mp3','1679479629201.jpg','2022-09-23 00:00:00',1),
	(7,'Hãy Trao Cho Anh','HayTraoChoAnh-SonTungMTPSnoopDogg-6010660.mp3','1562137543919.jpg','2021-10-28 00:00:00',1),
	(8,'CHẠY NGAY ĐI','ChayNgayDi-SonTungMTP-5468704.mp3','1526059033533.jpg','2019-10-17 00:00:00',1),
	(9,'Chúng Ta Không Thuộc Về Nhau','ChungTaKhongThuocVeNhau-SonTungMTP-4528181.mp3','1710499889373.jpg','2021-02-12 00:00:00',1),
	(10,'Em Của Ngày Hôm Qua','EmCuaNgayHomQua-SonTungMTP-2882720.mp3','1710499255450.jpg','2021-10-28 00:00:00',1),
	(11,'Như Ngày Hôm Qua','NhuNgayHomQuaUpgrade-SonTungMTP-4282962.mp3','1710499729156.jpg','2018-11-14 00:00:00',1),
	(12,'Nắng Ấm Xa Dần','NangAmXaDan-SonTungMTP-2697291.mp3','1710499039898.jpg','2019-11-08 00:00:00',1),
	(13,'Lạc Trôi','LacTroi-SonTungMTP-4725907.mp3','1710498563935.jpg','2022-04-16 00:00:00',1),
	(14,'Buông Đôi Tay Nhau Ra','BuongDoiTayNhauRa-SonTungMTP-4184408.mp3',NULL,'2019-07-07 00:00:00',1),
	(15,'Không Phải Dạng Vừa Đâu','KhongPhaiDangVuaDau-SonTungMTP-3753840.mp3',NULL,'2019-01-21 00:00:00',1),
	(16,'Cô Đơn Trên Sofa','CoDonTrenSofa-HoNgocHa-8093720.mp3','1666185034236.jpg','2020-09-07 00:00:00',1),
	(17,'Cả Một Trời Thương Nhớ','CaMotTroiThuongNho-HoNgocHa-5103255.mp3','1555918306486.jpg','2020-02-02 00:00:00',1),
	(18,'Vì Chính Là Em','ViChinhLaEm-HoNgocHa-7752668.mp3','1660200510447.jpg','2019-05-14 00:00:00',1),
	(19,'Tìm Lại Giấc Mơ','TimLaiGiacMo-HoNgocHa-691746.mp3','1461051335253.jpg','2022-12-21 00:00:00',1),
	(20,'Gửi Người Yêu Cũ','GuiNguoiYeuCu-HoNgocHa-4536306.mp3',NULL,'2023-10-14 00:00:00',1),
	(21,'Như Phút Ban Đầu','NhuPhutBanDau-NooPhuocThinh-6458668.mp3','1542796855179.jpg','2021-05-28 00:00:00',1),
	(22,'Giá Như','GiaNhu-NooPhuocThinh-5893818.mp3','1551842049054.jpg','2023-03-01 00:00:00',1),
	(23,'Thương Mấy Cũng Là Người Dưng','ThuongMayCungLaNguoiDung-NooPhuocThinh-4854461.mp3','1495164349216.jpg','2023-08-01 00:00:00',1),
	(24,'Mãi Mãi Bên Nhau','MaiMaiBenNhau-NooPhuocThinh-6456927.mp3',NULL,'2022-02-23 00:00:00',1),
	(25,'Em Sẽ Hạnh Phúc','EmSeHanhPhuc-NooPhuocThinh-6400852.mp3',NULL,'2018-07-01 00:00:00',1),
	(26,'Tháng Tư Là Lời Nói Dối Của Em','ThangTuLaLoiNoiDoiCuaEm-HaAnhTuan-4609544.mp3','1641280242679.jpg','2022-03-28 00:00:00',1),
	(27,'Sài Gòn, Anh Yêu Em','SaiGonAnhYeuEm-HaAnhTuan-4592690.mp3','1475026612627.jpg','2018-11-14 00:00:00',1),
	(28,'Tái Bút Anh Yêu Em','TaiButAnhYeuEm-HaAnhTuan-5112161.mp3',NULL,'2018-02-15 00:00:00',1),
	(29,'Người Con Gái Ta Thương','NguoiConGaiTaThuong-HaAnhTuan-4709110.mp3',NULL,'2020-03-14 00:00:00',1),
	(30,'Xuân Thì','XuanThi-HaAnhTuan-6803648.mp3',NULL,'2022-03-07 00:00:00',1),
	(31,'Anh Ở Đâu','AnhODau-KhoiMy-3693454.mp3','1423884395282.jpg','2019-05-10 00:00:00',1),
	(32,'Dễ Thương','DeThuong-KhoiMy-3787783.mp3',NULL,'2020-04-15 00:00:00',1),
	(33,'Chúc Tết','ChucTet-KhoiMy_4gtbk.mp3','1675765265156.jpg','2023-03-20 00:00:00',1),
	(34,'Xa Mặt Cách Lòng','XaMatCachLong-KhoiMy-2851771.mp3',NULL,'2018-10-25 00:00:00',1),
	(35,'Vợ Người Ta','VoNguoiTa-PhanManhQuynh-4109355.mp3','1520771354788.jpg','2018-02-22 00:00:00',1),
	(36,'Lời Từ Trái Tim Anh','LoiTuTraiTimAnh-PhanManhQuynh-2583286.mp3','1383712786182.jpg','2019-08-19 00:00:00',1),
	(37,'Khi Người Mình Yêu Khóc','KhiNguoiMinhYeuKhoc-PhanManhQuynh-4291421.mp3','1525967072035.jpg','2021-06-14 00:00:00',1),
	(38,'Hoa Ban Trắng','HoaBanTrang-BucTuong_3eqes.mp3','1516769825897.jpg','2020-06-20 00:00:00',2),
	(39,'Những Chuyến Đi Dài','NhungChuyenDiDai-BucTuong-3759478.mp3','1679569139522.jpg','2020-02-10 00:00:00',2),
	(40,'Bài Ca Sông Hồng','BaiCaSongHong-BucTuong_smtg.mp3',NULL,'2019-10-06 00:00:00',2),
	(41,'Rung Chuông Vang','RungChuongVang-BucTuong_snvf.mp3',NULL,'2020-06-28 00:00:00',2),
	(42,'Mơ','Mo-BucTuong_stqr.mp3',NULL,'2019-09-08 00:00:00',2),
	(43,'New Divide','NewDivide-LinkinPark-6450792.mp3','1596681051484.jpg','2023-12-23 00:00:00',2),
	(44,'Burn It Down','BurnItDown-LINKINPARK-6442261.mp3','1596659410650.jpg','2021-10-03 00:00:00',2),
	(45,'Castle Of Glass','CastleOfGlass-LINKINPARK-6442264.mp3',NULL,'2023-10-07 00:00:00',2),
	(46,'Numb','Numb-LinkinPark-6441286.mp3','1596656796324.jpg','2019-05-28 00:00:00',2),
	(47,'Simple Love','SimpleLove-ObitoSeachains-8359975.mp3','1670312815906.jpg','2021-01-20 00:00:00',3),
	(48,'Soju Love','SojuLove-Obito-7135984.mp3','1646793466893.jpg','2023-09-23 00:00:00',3),
	(49,'Corona Love','CoronaLove-Seachains-6262983.mp3','1587440528966.jpg','2020-04-03 00:00:00',3),
	(50,'Lối Nhỏ','Loi-Nho-Den-Phuong-Anh-Dao.mp3','2d0bf08b1ddaa07bae28208796316571.jpg','2020-01-02 00:00:00',3),
	(51,'Va Vào Giai Điệu Này','VaVaoGiaiDieuNayFeatRptMck-RAPVIET-6804702.mp3','1604908068648.jpg','2018-10-24 00:00:00',3),
	(52,'Chỉ Một Đêm Nữa Thôi','hfvbqnyd7a.mp3','1677770783801.jpg','2022-04-16 00:00:00',3),
	(53,'Gái Độc Thân','GaiDocThan-tlinh-7041472.mp3','default.jpg','2020-01-11 00:00:00',3),
	(54,'No Bammer Weed','NoBammerWeed-SnoopDogg-11802852.mp3','1695845080048.jpg','2022-06-25 00:00:00',3),
	(55,'ABQ','ABQ-TheMarias-6009244.mp3','1561439435095.jpg','2023-09-09 00:00:00',4),
	(56,'Ruthless','Ruthless-TheMarias-6009245.mp3',NULL,'2021-09-20 00:00:00',4),
	(57,'DDU-DU DDU-DU','DduduDdudu-BLACKPINK-6291998.mp3','1529053918351.jpg','2022-10-20 00:00:00',5),
	(58,'Kill This Love','KillThisLove-BLACKPINK-6291967.mp3','1554390977407.jpg','2021-09-01 00:00:00',5),
	(59,'I Knew You Were Trouble','IKnewYouWereTrouble-TaylorSwift-12339167.mp3','1529391199810.jpg','2022-01-26 00:00:00',6),
	(60,'Gorgeous','Gorgeous-TaylorSwift-11005151.mp3','1508472625226.jpg','2020-07-30 00:00:00',6),
	(61,'I Love You','ILoveYou-CarterBurwell-8972134.mp3',NULL,'2020-05-28 00:00:00',7),
	(62,'Dirty Hands','DirtyHands-CarterBurwell-8972130.mp3', NULL,'2019-07-11 00:00:00',7),
	(63,'See Tình','SeeTinh-HoangThuyLinh-7702265.mp3','1645341331047.jpg','2020-06-14 00:00:00',1),
	(64,'Gieo Quẻ','GieoQue-HoangThuyLinhFeatDen-7702264.mp3','1640937980335.jpg','2021-06-27 00:00:00',1);

INSERT INTO `artist_songs`(song_id, artist_id)
VALUES
	(1,1),
	(2,2),
	(3,2),
	(4,2),
	(5,2),
	(6,2),
	(7,3),
	(7,16),
	(8,3),
	(9,3),
	(10,3),
	(11,3),
	(12,3),
	(13,3),
	(14,3),
	(15,3),
	(16,4),
	(17,4),
	(18,4),
	(19,4),
	(20,4),
	(21,5),
	(22,5),
	(23,5),
	(24,5),
	(25,5),
	(26,6),
	(27,6),
	(28,6),
	(29,6),
	(30,6),
	(31,7),
	(32,7),
	(33,7),
	(34,7),
	(35,8),
	(36,8),
	(37,8),
	(38,9),
	(39,9),
	(40,9),
	(41,9),
	(42,9),
	(43,10),
	(44,10),
	(45,10),
	(46,10),
	(47,11),
	(47,12),
	(48,11),
	(49,12),
	(50,13),
	(51,14),
	(52,14),
	(52,15),
	(53,15),
	(54,16),
	(55,17),
	(56,17),
	(57,18),
	(58,18),
	(59,19),
	(60,19),
	(61,20),
	(62,20),
	(63,21),
	(64,21),
	(64,13);
